trajectory_id,frame,full_instruction_ref,current_step_index,current_step_text,transition_event,full_condition,current_condition,hold_condition,steps_since_transition,cumulative_transition_count
study_table/case47,0,study_table/case47,0,Pick up the cream cheese from the study table,0,"The task involves preparing a serving of cream cheese by picking it up from the study table, carrying it, and placing it onto a plate.",Pick up the cream cheese from the study table,Pick up the cream cheese from the study table,0,0
study_table/case47,1,study_table/case47,0,Pick up the cream cheese from the study table,0,"The task involves preparing a serving of cream cheese by picking it up from the study table, carrying it, and placing it onto a plate.",Pick up the cream cheese from the study table,[HOLD],1,0
study_table/case47,2,study_table/case47,0,Pick up the cream cheese from the study table,0,"The task involves preparing a serving of cream cheese by picking it up from the study table, carrying it, and placing it onto a plate.",Pick up the cream cheese from the study table,[HOLD],2,0
study_table/case47,3,study_table/case47,0,Pick up the cream cheese from the study table,0,"The task involves preparing a serving of cream cheese by picking it up from the study table, carrying it, and placing it onto a plate.",Pick up the cream cheese from the study table,[HOLD],3,0
study_table/case47,4,study_table/case47,0,Pick up the cream cheese from the study table,0,"The task involves preparing a serving of cream cheese by picking it up from the study table, carrying it, and placing it onto a plate.",Pick up the cream cheese from the study table,[HOLD],4,0
study_table/case47,5,study_table/case47,0,Pick up the cream cheese from the study table,0,"The task involves preparing a serving of cream cheese by picking it up from the study table, carrying it, and placing it onto a plate.",Pick up the cream cheese from the study table,[HOLD],5,0
study_table/case47,6,study_table/case47,0,Pick up the cream cheese from the study table,0,"The task involves preparing a serving of cream cheese by picking it up from the study table, carrying it, and placing it onto a plate.",Pick up the cream cheese from the study table,[HOLD],6,0
study_table/case47,7,study_table/case47,0,Pick up the cream cheese from the study table,0,"The task involves preparing a serving of cream cheese by picking it up from the study table, carrying it, and placing it onto a plate.",Pick up the cream cheese from the study table,[HOLD],7,0
study_table/case47,8,study_table/case47,0,Pick up the cream cheese from the study table,0,"The task involves preparing a serving of cream cheese by picking it up from the study table, carrying it, and placing it onto a plate.",Pick up the cream cheese from the study table,[HOLD],8,0
study_table/case47,9,study_table/case47,0,Pick up the cream cheese from the study table,0,"The task involves preparing a serving of cream cheese by picking it up from the study table, carrying it, and placing it onto a plate.",Pick up the cream cheese from the study table,[HOLD],9,0
study_table/case47,10,study_table/case47,0,Pick up the cream cheese from the study table,0,"The task involves preparing a serving of cream cheese by picking it up from the study table, carrying it, and placing it onto a plate.",Pick up the cream cheese from the study table,[HOLD],10,0
study_table/case47,11,study_table/case47,0,Pick up the cream cheese from the study table,0,"The task involves preparing a serving of cream cheese by picking it up from the study table, carrying it, and placing it onto a plate.",Pick up the cream cheese from the study table,[HOLD],11,0
study_table/case47,12,study_table/case47,0,Pick up the cream cheese from the study table,0,"The task involves preparing a serving of cream cheese by picking it up from the study table, carrying it, and placing it onto a plate.",Pick up the cream cheese from the study table,[HOLD],12,0
study_table/case47,13,study_table/case47,0,Pick up the cream cheese from the study table,0,"The task involves preparing a serving of cream cheese by picking it up from the study table, carrying it, and placing it onto a plate.",Pick up the cream cheese from the study table,[HOLD],13,0
study_table/case47,14,study_table/case47,0,Pick up the cream cheese from the study table,0,"The task involves preparing a serving of cream cheese by picking it up from the study table, carrying it, and placing it onto a plate.",Pick up the cream cheese from the study table,[HOLD],14,0
study_table/case47,15,study_table/case47,0,Pick up the cream cheese from the study table,0,"The task involves preparing a serving of cream cheese by picking it up from the study table, carrying it, and placing it onto a plate.",Pick up the cream cheese from the study table,[HOLD],15,0
study_table/case47,16,study_table/case47,0,Pick up the cream cheese from the study table,0,"The task involves preparing a serving of cream cheese by picking it up from the study table, carrying it, and placing it onto a plate.",Pick up the cream cheese from the study table,[HOLD],16,0
study_table/case47,17,study_table/case47,0,Pick up the cream cheese from the study table,0,"The task involves preparing a serving of cream cheese by picking it up from the study table, carrying it, and placing it onto a plate.",Pick up the cream cheese from the study table,[HOLD],17,0
study_table/case47,18,study_table/case47,0,Pick up the cream cheese from the study table,0,"The task involves preparing a serving of cream cheese by picking it up from the study table, carrying it, and placing it onto a plate.",Pick up the cream cheese from the study table,[HOLD],18,0
study_table/case47,19,study_table/case47,0,Pick up the cream cheese from the study table,0,"The task involves preparing a serving of cream cheese by picking it up from the study table, carrying it, and placing it onto a plate.",Pick up the cream cheese from the study table,[HOLD],19,0
study_table/case47,20,study_table/case47,0,Pick up the cream cheese from the study table,0,"The task involves preparing a serving of cream cheese by picking it up from the study table, carrying it, and placing it onto a plate.",Pick up the cream cheese from the study table,[HOLD],20,0
study_table/case47,21,study_table/case47,0,Pick up the cream cheese from the study table,0,"The task involves preparing a serving of cream cheese by picking it up from the study table, carrying it, and placing it onto a plate.",Pick up the cream cheese from the study table,[HOLD],21,0
study_table/case47,22,study_table/case47,0,Pick up the cream cheese from the study table,0,"The task involves preparing a serving of cream cheese by picking it up from the study table, carrying it, and placing it onto a plate.",Pick up the cream cheese from the study table,[HOLD],22,0
study_table/case47,23,study_table/case47,0,Pick up the cream cheese from the study table,0,"The task involves preparing a serving of cream cheese by picking it up from the study table, carrying it, and placing it onto a plate.",Pick up the cream cheese from the study table,[HOLD],23,0
study_table/case47,24,study_table/case47,0,Pick up the cream cheese from the study table,0,"The task involves preparing a serving of cream cheese by picking it up from the study table, carrying it, and placing it onto a plate.",Pick up the cream cheese from the study table,[HOLD],24,0
study_table/case47,25,study_table/case47,0,Pick up the cream cheese from the study table,0,"The task involves preparing a serving of cream cheese by picking it up from the study table, carrying it, and placing it onto a plate.",Pick up the cream cheese from the study table,[HOLD],25,0
study_table/case47,26,study_table/case47,0,Pick up the cream cheese from the study table,0,"The task involves preparing a serving of cream cheese by picking it up from the study table, carrying it, and placing it onto a plate.",Pick up the cream cheese from the study table,[HOLD],26,0
study_table/case47,27,study_table/case47,0,Pick up the cream cheese from the study table,0,"The task involves preparing a serving of cream cheese by picking it up from the study table, carrying it, and placing it onto a plate.",Pick up the cream cheese from the study table,[HOLD],27,0
study_table/case47,28,study_table/case47,0,Pick up the cream cheese from the study table,0,"The task involves preparing a serving of cream cheese by picking it up from the study table, carrying it, and placing it onto a plate.",Pick up the cream cheese from the study table,[HOLD],28,0
study_table/case47,29,study_table/case47,0,Pick up the cream cheese from the study table,0,"The task involves preparing a serving of cream cheese by picking it up from the study table, carrying it, and placing it onto a plate.",Pick up the cream cheese from the study table,[HOLD],29,0
study_table/case47,30,study_table/case47,0,Pick up the cream cheese from the study table,0,"The task involves preparing a serving of cream cheese by picking it up from the study table, carrying it, and placing it onto a plate.",Pick up the cream cheese from the study table,[HOLD],30,0
study_table/case47,31,study_table/case47,0,Pick up the cream cheese from the study table,0,"The task involves preparing a serving of cream cheese by picking it up from the study table, carrying it, and placing it onto a plate.",Pick up the cream cheese from the study table,[HOLD],31,0
study_table/case47,32,study_table/case47,0,Pick up the cream cheese from the study table,0,"The task involves preparing a serving of cream cheese by picking it up from the study table, carrying it, and placing it onto a plate.",Pick up the cream cheese from the study table,[HOLD],32,0
study_table/case47,33,study_table/case47,0,Pick up the cream cheese from the study table,0,"The task involves preparing a serving of cream cheese by picking it up from the study table, carrying it, and placing it onto a plate.",Pick up the cream cheese from the study table,[HOLD],33,0
study_table/case47,34,study_table/case47,0,Pick up the cream cheese from the study table,0,"The task involves preparing a serving of cream cheese by picking it up from the study table, carrying it, and placing it onto a plate.",Pick up the cream cheese from the study table,[HOLD],34,0
study_table/case47,35,study_table/case47,0,Pick up the cream cheese from the study table,0,"The task involves preparing a serving of cream cheese by picking it up from the study table, carrying it, and placing it onto a plate.",Pick up the cream cheese from the study table,[HOLD],35,0
study_table/case47,36,study_table/case47,0,Pick up the cream cheese from the study table,0,"The task involves preparing a serving of cream cheese by picking it up from the study table, carrying it, and placing it onto a plate.",Pick up the cream cheese from the study table,[HOLD],36,0
study_table/case47,37,study_table/case47,0,Pick up the cream cheese from the study table,0,"The task involves preparing a serving of cream cheese by picking it up from the study table, carrying it, and placing it onto a plate.",Pick up the cream cheese from the study table,[HOLD],37,0
study_table/case47,38,study_table/case47,0,Pick up the cream cheese from the study table,0,"The task involves preparing a serving of cream cheese by picking it up from the study table, carrying it, and placing it onto a plate.",Pick up the cream cheese from the study table,[HOLD],38,0
study_table/case47,39,study_table/case47,0,Pick up the cream cheese from the study table,0,"The task involves preparing a serving of cream cheese by picking it up from the study table, carrying it, and placing it onto a plate.",Pick up the cream cheese from the study table,[HOLD],39,0
study_table/case47,40,study_table/case47,0,Pick up the cream cheese from the study table,0,"The task involves preparing a serving of cream cheese by picking it up from the study table, carrying it, and placing it onto a plate.",Pick up the cream cheese from the study table,[HOLD],40,0
study_table/case47,41,study_table/case47,0,Pick up the cream cheese from the study table,0,"The task involves preparing a serving of cream cheese by picking it up from the study table, carrying it, and placing it onto a plate.",Pick up the cream cheese from the study table,[HOLD],41,0
study_table/case47,42,study_table/case47,0,Pick up the cream cheese from the study table,0,"The task involves preparing a serving of cream cheese by picking it up from the study table, carrying it, and placing it onto a plate.",Pick up the cream cheese from the study table,[HOLD],42,0
study_table/case47,43,study_table/case47,0,Pick up the cream cheese from the study table,0,"The task involves preparing a serving of cream cheese by picking it up from the study table, carrying it, and placing it onto a plate.",Pick up the cream cheese from the study table,[HOLD],43,0
study_table/case47,44,study_table/case47,0,Pick up the cream cheese from the study table,0,"The task involves preparing a serving of cream cheese by picking it up from the study table, carrying it, and placing it onto a plate.",Pick up the cream cheese from the study table,[HOLD],44,0
study_table/case47,45,study_table/case47,0,Pick up the cream cheese from the study table,0,"The task involves preparing a serving of cream cheese by picking it up from the study table, carrying it, and placing it onto a plate.",Pick up the cream cheese from the study table,[HOLD],45,0
study_table/case47,46,study_table/case47,0,Pick up the cream cheese from the study table,0,"The task involves preparing a serving of cream cheese by picking it up from the study table, carrying it, and placing it onto a plate.",Pick up the cream cheese from the study table,[HOLD],46,0
study_table/case47,47,study_table/case47,0,Pick up the cream cheese from the study table,0,"The task involves preparing a serving of cream cheese by picking it up from the study table, carrying it, and placing it onto a plate.",Pick up the cream cheese from the study table,[HOLD],47,0
study_table/case47,48,study_table/case47,0,Pick up the cream cheese from the study table,0,"The task involves preparing a serving of cream cheese by picking it up from the study table, carrying it, and placing it onto a plate.",Pick up the cream cheese from the study table,[HOLD],48,0
study_table/case47,49,study_table/case47,0,Pick up the cream cheese from the study table,0,"The task involves preparing a serving of cream cheese by picking it up from the study table, carrying it, and placing it onto a plate.",Pick up the cream cheese from the study table,[HOLD],49,0
study_table/case47,50,study_table/case47,0,Pick up the cream cheese from the study table,0,"The task involves preparing a serving of cream cheese by picking it up from the study table, carrying it, and placing it onto a plate.",Pick up the cream cheese from the study table,[HOLD],50,0
study_table/case47,51,study_table/case47,0,Pick up the cream cheese from the study table,0,"The task involves preparing a serving of cream cheese by picking it up from the study table, carrying it, and placing it onto a plate.",Pick up the cream cheese from the study table,[HOLD],51,0
study_table/case47,52,study_table/case47,0,Pick up the cream cheese from the study table,0,"The task involves preparing a serving of cream cheese by picking it up from the study table, carrying it, and placing it onto a plate.",Pick up the cream cheese from the study table,[HOLD],52,0
study_table/case47,53,study_table/case47,0,Pick up the cream cheese from the study table,0,"The task involves preparing a serving of cream cheese by picking it up from the study table, carrying it, and placing it onto a plate.",Pick up the cream cheese from the study table,[HOLD],53,0
study_table/case47,54,study_table/case47,0,Pick up the cream cheese from the study table,0,"The task involves preparing a serving of cream cheese by picking it up from the study table, carrying it, and placing it onto a plate.",Pick up the cream cheese from the study table,[HOLD],54,0
study_table/case47,55,study_table/case47,0,Pick up the cream cheese from the study table,0,"The task involves preparing a serving of cream cheese by picking it up from the study table, carrying it, and placing it onto a plate.",Pick up the cream cheese from the study table,[HOLD],55,0
study_table/case47,56,study_table/case47,0,Pick up the cream cheese from the study table,0,"The task involves preparing a serving of cream cheese by picking it up from the study table, carrying it, and placing it onto a plate.",Pick up the cream cheese from the study table,[HOLD],56,0
study_table/case47,57,study_table/case47,0,Pick up the cream cheese from the study table,0,"The task involves preparing a serving of cream cheese by picking it up from the study table, carrying it, and placing it onto a plate.",Pick up the cream cheese from the study table,[HOLD],57,0
study_table/case47,58,study_table/case47,0,Pick up the cream cheese from the study table,0,"The task involves preparing a serving of cream cheese by picking it up from the study table, carrying it, and placing it onto a plate.",Pick up the cream cheese from the study table,[HOLD],58,0
study_table/case47,59,study_table/case47,0,Pick up the cream cheese from the study table,0,"The task involves preparing a serving of cream cheese by picking it up from the study table, carrying it, and placing it onto a plate.",Pick up the cream cheese from the study table,[HOLD],59,0
study_table/case47,60,study_table/case47,0,Pick up the cream cheese from the study table,0,"The task involves preparing a serving of cream cheese by picking it up from the study table, carrying it, and placing it onto a plate.",Pick up the cream cheese from the study table,[HOLD],60,0
study_table/case47,61,study_table/case47,0,Pick up the cream cheese from the study table,0,"The task involves preparing a serving of cream cheese by picking it up from the study table, carrying it, and placing it onto a plate.",Pick up the cream cheese from the study table,[HOLD],61,0
study_table/case47,62,study_table/case47,0,Pick up the cream cheese from the study table,0,"The task involves preparing a serving of cream cheese by picking it up from the study table, carrying it, and placing it onto a plate.",Pick up the cream cheese from the study table,[HOLD],62,0
study_table/case47,63,study_table/case47,0,Pick up the cream cheese from the study table,0,"The task involves preparing a serving of cream cheese by picking it up from the study table, carrying it, and placing it onto a plate.",Pick up the cream cheese from the study table,[HOLD],63,0
study_table/case47,64,study_table/case47,0,Pick up the cream cheese from the study table,0,"The task involves preparing a serving of cream cheese by picking it up from the study table, carrying it, and placing it onto a plate.",Pick up the cream cheese from the study table,[HOLD],64,0
study_table/case47,65,study_table/case47,0,Pick up the cream cheese from the study table,0,"The task involves preparing a serving of cream cheese by picking it up from the study table, carrying it, and placing it onto a plate.",Pick up the cream cheese from the study table,[HOLD],65,0
study_table/case47,66,study_table/case47,0,Pick up the cream cheese from the study table,0,"The task involves preparing a serving of cream cheese by picking it up from the study table, carrying it, and placing it onto a plate.",Pick up the cream cheese from the study table,[HOLD],66,0
study_table/case47,67,study_table/case47,0,Pick up the cream cheese from the study table,0,"The task involves preparing a serving of cream cheese by picking it up from the study table, carrying it, and placing it onto a plate.",Pick up the cream cheese from the study table,[HOLD],67,0
study_table/case47,68,study_table/case47,0,Pick up the cream cheese from the study table,0,"The task involves preparing a serving of cream cheese by picking it up from the study table, carrying it, and placing it onto a plate.",Pick up the cream cheese from the study table,[HOLD],68,0
study_table/case47,69,study_table/case47,0,Pick up the cream cheese from the study table,0,"The task involves preparing a serving of cream cheese by picking it up from the study table, carrying it, and placing it onto a plate.",Pick up the cream cheese from the study table,[HOLD],69,0
study_table/case47,70,study_table/case47,0,Pick up the cream cheese from the study table,0,"The task involves preparing a serving of cream cheese by picking it up from the study table, carrying it, and placing it onto a plate.",Pick up the cream cheese from the study table,[HOLD],70,0
study_table/case47,71,study_table/case47,0,Pick up the cream cheese from the study table,0,"The task involves preparing a serving of cream cheese by picking it up from the study table, carrying it, and placing it onto a plate.",Pick up the cream cheese from the study table,[HOLD],71,0
study_table/case47,72,study_table/case47,0,Pick up the cream cheese from the study table,0,"The task involves preparing a serving of cream cheese by picking it up from the study table, carrying it, and placing it onto a plate.",Pick up the cream cheese from the study table,[HOLD],72,0
study_table/case47,73,study_table/case47,0,Pick up the cream cheese from the study table,0,"The task involves preparing a serving of cream cheese by picking it up from the study table, carrying it, and placing it onto a plate.",Pick up the cream cheese from the study table,[HOLD],73,0
study_table/case47,74,study_table/case47,0,Pick up the cream cheese from the study table,0,"The task involves preparing a serving of cream cheese by picking it up from the study table, carrying it, and placing it onto a plate.",Pick up the cream cheese from the study table,[HOLD],74,0
study_table/case47,75,study_table/case47,0,Pick up the cream cheese from the study table,0,"The task involves preparing a serving of cream cheese by picking it up from the study table, carrying it, and placing it onto a plate.",Pick up the cream cheese from the study table,[HOLD],75,0
study_table/case47,76,study_table/case47,0,Pick up the cream cheese from the study table,0,"The task involves preparing a serving of cream cheese by picking it up from the study table, carrying it, and placing it onto a plate.",Pick up the cream cheese from the study table,[HOLD],76,0
study_table/case47,77,study_table/case47,0,Pick up the cream cheese from the study table,0,"The task involves preparing a serving of cream cheese by picking it up from the study table, carrying it, and placing it onto a plate.",Pick up the cream cheese from the study table,[HOLD],77,0
study_table/case47,78,study_table/case47,0,Pick up the cream cheese from the study table,0,"The task involves preparing a serving of cream cheese by picking it up from the study table, carrying it, and placing it onto a plate.",Pick up the cream cheese from the study table,[HOLD],78,0
study_table/case47,79,study_table/case47,0,Pick up the cream cheese from the study table,0,"The task involves preparing a serving of cream cheese by picking it up from the study table, carrying it, and placing it onto a plate.",Pick up the cream cheese from the study table,[HOLD],79,0
study_table/case47,80,study_table/case47,0,Pick up the cream cheese from the study table,0,"The task involves preparing a serving of cream cheese by picking it up from the study table, carrying it, and placing it onto a plate.",Pick up the cream cheese from the study table,[HOLD],80,0
study_table/case47,81,study_table/case47,0,Pick up the cream cheese from the study table,0,"The task involves preparing a serving of cream cheese by picking it up from the study table, carrying it, and placing it onto a plate.",Pick up the cream cheese from the study table,[HOLD],81,0
study_table/case47,82,study_table/case47,0,Pick up the cream cheese from the study table,0,"The task involves preparing a serving of cream cheese by picking it up from the study table, carrying it, and placing it onto a plate.",Pick up the cream cheese from the study table,[HOLD],82,0
study_table/case47,83,study_table/case47,0,Pick up the cream cheese from the study table,0,"The task involves preparing a serving of cream cheese by picking it up from the study table, carrying it, and placing it onto a plate.",Pick up the cream cheese from the study table,[HOLD],83,0
study_table/case47,84,study_table/case47,0,Pick up the cream cheese from the study table,0,"The task involves preparing a serving of cream cheese by picking it up from the study table, carrying it, and placing it onto a plate.",Pick up the cream cheese from the study table,[HOLD],84,0
study_table/case47,85,study_table/case47,0,Pick up the cream cheese from the study table,0,"The task involves preparing a serving of cream cheese by picking it up from the study table, carrying it, and placing it onto a plate.",Pick up the cream cheese from the study table,[HOLD],85,0
study_table/case47,86,study_table/case47,0,Pick up the cream cheese from the study table,0,"The task involves preparing a serving of cream cheese by picking it up from the study table, carrying it, and placing it onto a plate.",Pick up the cream cheese from the study table,[HOLD],86,0
study_table/case47,87,study_table/case47,0,Pick up the cream cheese from the study table,0,"The task involves preparing a serving of cream cheese by picking it up from the study table, carrying it, and placing it onto a plate.",Pick up the cream cheese from the study table,[HOLD],87,0
study_table/case47,88,study_table/case47,0,Pick up the cream cheese from the study table,0,"The task involves preparing a serving of cream cheese by picking it up from the study table, carrying it, and placing it onto a plate.",Pick up the cream cheese from the study table,[HOLD],88,0
study_table/case47,89,study_table/case47,0,Pick up the cream cheese from the study table,0,"The task involves preparing a serving of cream cheese by picking it up from the study table, carrying it, and placing it onto a plate.",Pick up the cream cheese from the study table,[HOLD],89,0
study_table/case47,90,study_table/case47,0,Pick up the cream cheese from the study table,0,"The task involves preparing a serving of cream cheese by picking it up from the study table, carrying it, and placing it onto a plate.",Pick up the cream cheese from the study table,[HOLD],90,0
study_table/case47,91,study_table/case47,0,Pick up the cream cheese from the study table,0,"The task involves preparing a serving of cream cheese by picking it up from the study table, carrying it, and placing it onto a plate.",Pick up the cream cheese from the study table,[HOLD],91,0
study_table/case47,92,study_table/case47,0,Pick up the cream cheese from the study table,0,"The task involves preparing a serving of cream cheese by picking it up from the study table, carrying it, and placing it onto a plate.",Pick up the cream cheese from the study table,[HOLD],92,0
study_table/case47,93,study_table/case47,0,Pick up the cream cheese from the study table,0,"The task involves preparing a serving of cream cheese by picking it up from the study table, carrying it, and placing it onto a plate.",Pick up the cream cheese from the study table,[HOLD],93,0
study_table/case47,94,study_table/case47,0,Pick up the cream cheese from the study table,0,"The task involves preparing a serving of cream cheese by picking it up from the study table, carrying it, and placing it onto a plate.",Pick up the cream cheese from the study table,[HOLD],94,0
study_table/case47,95,study_table/case47,0,Pick up the cream cheese from the study table,0,"The task involves preparing a serving of cream cheese by picking it up from the study table, carrying it, and placing it onto a plate.",Pick up the cream cheese from the study table,[HOLD],95,0
study_table/case47,96,study_table/case47,0,Pick up the cream cheese from the study table,0,"The task involves preparing a serving of cream cheese by picking it up from the study table, carrying it, and placing it onto a plate.",Pick up the cream cheese from the study table,[HOLD],96,0
study_table/case47,97,study_table/case47,0,Pick up the cream cheese from the study table,0,"The task involves preparing a serving of cream cheese by picking it up from the study table, carrying it, and placing it onto a plate.",Pick up the cream cheese from the study table,[HOLD],97,0
study_table/case47,98,study_table/case47,0,Pick up the cream cheese from the study table,0,"The task involves preparing a serving of cream cheese by picking it up from the study table, carrying it, and placing it onto a plate.",Pick up the cream cheese from the study table,[HOLD],98,0
study_table/case47,99,study_table/case47,0,Pick up the cream cheese from the study table,0,"The task involves preparing a serving of cream cheese by picking it up from the study table, carrying it, and placing it onto a plate.",Pick up the cream cheese from the study table,[HOLD],99,0
study_table/case47,100,study_table/case47,0,Pick up the cream cheese from the study table,0,"The task involves preparing a serving of cream cheese by picking it up from the study table, carrying it, and placing it onto a plate.",Pick up the cream cheese from the study table,[HOLD],100,0
study_table/case47,101,study_table/case47,0,Pick up the cream cheese from the study table,0,"The task involves preparing a serving of cream cheese by picking it up from the study table, carrying it, and placing it onto a plate.",Pick up the cream cheese from the study table,[HOLD],101,0
study_table/case47,102,study_table/case47,0,Pick up the cream cheese from the study table,0,"The task involves preparing a serving of cream cheese by picking it up from the study table, carrying it, and placing it onto a plate.",Pick up the cream cheese from the study table,[HOLD],102,0
study_table/case47,103,study_table/case47,0,Pick up the cream cheese from the study table,0,"The task involves preparing a serving of cream cheese by picking it up from the study table, carrying it, and placing it onto a plate.",Pick up the cream cheese from the study table,[HOLD],103,0
study_table/case47,104,study_table/case47,0,Pick up the cream cheese from the study table,0,"The task involves preparing a serving of cream cheese by picking it up from the study table, carrying it, and placing it onto a plate.",Pick up the cream cheese from the study table,[HOLD],104,0
study_table/case47,105,study_table/case47,0,Pick up the cream cheese from the study table,0,"The task involves preparing a serving of cream cheese by picking it up from the study table, carrying it, and placing it onto a plate.",Pick up the cream cheese from the study table,[HOLD],105,0
study_table/case47,106,study_table/case47,0,Pick up the cream cheese from the study table,0,"The task involves preparing a serving of cream cheese by picking it up from the study table, carrying it, and placing it onto a plate.",Pick up the cream cheese from the study table,[HOLD],106,0
study_table/case47,107,study_table/case47,0,Pick up the cream cheese from the study table,0,"The task involves preparing a serving of cream cheese by picking it up from the study table, carrying it, and placing it onto a plate.",Pick up the cream cheese from the study table,[HOLD],107,0
study_table/case47,108,study_table/case47,0,Pick up the cream cheese from the study table,0,"The task involves preparing a serving of cream cheese by picking it up from the study table, carrying it, and placing it onto a plate.",Pick up the cream cheese from the study table,[HOLD],108,0
study_table/case47,109,study_table/case47,0,Pick up the cream cheese from the study table,0,"The task involves preparing a serving of cream cheese by picking it up from the study table, carrying it, and placing it onto a plate.",Pick up the cream cheese from the study table,[HOLD],109,0
study_table/case47,110,study_table/case47,0,Pick up the cream cheese from the study table,0,"The task involves preparing a serving of cream cheese by picking it up from the study table, carrying it, and placing it onto a plate.",Pick up the cream cheese from the study table,[HOLD],110,0
study_table/case47,111,study_table/case47,0,Pick up the cream cheese from the study table,0,"The task involves preparing a serving of cream cheese by picking it up from the study table, carrying it, and placing it onto a plate.",Pick up the cream cheese from the study table,[HOLD],111,0
study_table/case47,112,study_table/case47,0,Pick up the cream cheese from the study table,0,"The task involves preparing a serving of cream cheese by picking it up from the study table, carrying it, and placing it onto a plate.",Pick up the cream cheese from the study table,[HOLD],112,0
study_table/case47,113,study_table/case47,0,Pick up the cream cheese from the study table,0,"The task involves preparing a serving of cream cheese by picking it up from the study table, carrying it, and placing it onto a plate.",Pick up the cream cheese from the study table,[HOLD],113,0
study_table/case47,114,study_table/case47,0,Pick up the cream cheese from the study table,0,"The task involves preparing a serving of cream cheese by picking it up from the study table, carrying it, and placing it onto a plate.",Pick up the cream cheese from the study table,[HOLD],114,0
study_table/case47,115,study_table/case47,0,Pick up the cream cheese from the study table,0,"The task involves preparing a serving of cream cheese by picking it up from the study table, carrying it, and placing it onto a plate.",Pick up the cream cheese from the study table,[HOLD],115,0
study_table/case47,116,study_table/case47,0,Pick up the cream cheese from the study table,0,"The task involves preparing a serving of cream cheese by picking it up from the study table, carrying it, and placing it onto a plate.",Pick up the cream cheese from the study table,[HOLD],116,0
study_table/case47,117,study_table/case47,0,Pick up the cream cheese from the study table,0,"The task involves preparing a serving of cream cheese by picking it up from the study table, carrying it, and placing it onto a plate.",Pick up the cream cheese from the study table,[HOLD],117,0
study_table/case47,118,study_table/case47,0,Pick up the cream cheese from the study table,0,"The task involves preparing a serving of cream cheese by picking it up from the study table, carrying it, and placing it onto a plate.",Pick up the cream cheese from the study table,[HOLD],118,0
study_table/case47,119,study_table/case47,0,Pick up the cream cheese from the study table,0,"The task involves preparing a serving of cream cheese by picking it up from the study table, carrying it, and placing it onto a plate.",Pick up the cream cheese from the study table,[HOLD],119,0
study_table/case47,120,study_table/case47,0,Pick up the cream cheese from the study table,0,"The task involves preparing a serving of cream cheese by picking it up from the study table, carrying it, and placing it onto a plate.",Pick up the cream cheese from the study table,[HOLD],120,0
study_table/case47,121,study_table/case47,0,Pick up the cream cheese from the study table,0,"The task involves preparing a serving of cream cheese by picking it up from the study table, carrying it, and placing it onto a plate.",Pick up the cream cheese from the study table,[HOLD],121,0
study_table/case47,122,study_table/case47,0,Pick up the cream cheese from the study table,0,"The task involves preparing a serving of cream cheese by picking it up from the study table, carrying it, and placing it onto a plate.",Pick up the cream cheese from the study table,[HOLD],122,0
study_table/case47,123,study_table/case47,0,Pick up the cream cheese from the study table,0,"The task involves preparing a serving of cream cheese by picking it up from the study table, carrying it, and placing it onto a plate.",Pick up the cream cheese from the study table,[HOLD],123,0
study_table/case47,124,study_table/case47,0,Pick up the cream cheese from the study table,0,"The task involves preparing a serving of cream cheese by picking it up from the study table, carrying it, and placing it onto a plate.",Pick up the cream cheese from the study table,[HOLD],124,0
study_table/case47,125,study_table/case47,0,Pick up the cream cheese from the study table,0,"The task involves preparing a serving of cream cheese by picking it up from the study table, carrying it, and placing it onto a plate.",Pick up the cream cheese from the study table,[HOLD],125,0
study_table/case47,126,study_table/case47,0,Pick up the cream cheese from the study table,0,"The task involves preparing a serving of cream cheese by picking it up from the study table, carrying it, and placing it onto a plate.",Pick up the cream cheese from the study table,[HOLD],126,0
study_table/case47,127,study_table/case47,0,Pick up the cream cheese from the study table,0,"The task involves preparing a serving of cream cheese by picking it up from the study table, carrying it, and placing it onto a plate.",Pick up the cream cheese from the study table,[HOLD],127,0
study_table/case47,128,study_table/case47,0,Pick up the cream cheese from the study table,0,"The task involves preparing a serving of cream cheese by picking it up from the study table, carrying it, and placing it onto a plate.",Pick up the cream cheese from the study table,[HOLD],128,0
study_table/case47,129,study_table/case47,0,Pick up the cream cheese from the study table,0,"The task involves preparing a serving of cream cheese by picking it up from the study table, carrying it, and placing it onto a plate.",Pick up the cream cheese from the study table,[HOLD],129,0
study_table/case47,130,study_table/case47,0,Pick up the cream cheese from the study table,0,"The task involves preparing a serving of cream cheese by picking it up from the study table, carrying it, and placing it onto a plate.",Pick up the cream cheese from the study table,[HOLD],130,0
study_table/case47,131,study_table/case47,0,Pick up the cream cheese from the study table,0,"The task involves preparing a serving of cream cheese by picking it up from the study table, carrying it, and placing it onto a plate.",Pick up the cream cheese from the study table,[HOLD],131,0
study_table/case47,132,study_table/case47,0,Pick up the cream cheese from the study table,0,"The task involves preparing a serving of cream cheese by picking it up from the study table, carrying it, and placing it onto a plate.",Pick up the cream cheese from the study table,[HOLD],132,0
study_table/case47,133,study_table/case47,0,Pick up the cream cheese from the study table,0,"The task involves preparing a serving of cream cheese by picking it up from the study table, carrying it, and placing it onto a plate.",Pick up the cream cheese from the study table,[HOLD],133,0
study_table/case47,134,study_table/case47,0,Pick up the cream cheese from the study table,0,"The task involves preparing a serving of cream cheese by picking it up from the study table, carrying it, and placing it onto a plate.",Pick up the cream cheese from the study table,[HOLD],134,0
study_table/case47,135,study_table/case47,0,Pick up the cream cheese from the study table,0,"The task involves preparing a serving of cream cheese by picking it up from the study table, carrying it, and placing it onto a plate.",Pick up the cream cheese from the study table,[HOLD],135,0
study_table/case47,136,study_table/case47,0,Pick up the cream cheese from the study table,0,"The task involves preparing a serving of cream cheese by picking it up from the study table, carrying it, and placing it onto a plate.",Pick up the cream cheese from the study table,[HOLD],136,0
study_table/case47,137,study_table/case47,0,Pick up the cream cheese from the study table,0,"The task involves preparing a serving of cream cheese by picking it up from the study table, carrying it, and placing it onto a plate.",Pick up the cream cheese from the study table,[HOLD],137,0
study_table/case47,138,study_table/case47,0,Pick up the cream cheese from the study table,0,"The task involves preparing a serving of cream cheese by picking it up from the study table, carrying it, and placing it onto a plate.",Pick up the cream cheese from the study table,[HOLD],138,0
study_table/case47,139,study_table/case47,0,Pick up the cream cheese from the study table,0,"The task involves preparing a serving of cream cheese by picking it up from the study table, carrying it, and placing it onto a plate.",Pick up the cream cheese from the study table,[HOLD],139,0
study_table/case47,140,study_table/case47,0,Pick up the cream cheese from the study table,0,"The task involves preparing a serving of cream cheese by picking it up from the study table, carrying it, and placing it onto a plate.",Pick up the cream cheese from the study table,[HOLD],140,0
study_table/case47,141,study_table/case47,0,Pick up the cream cheese from the study table,0,"The task involves preparing a serving of cream cheese by picking it up from the study table, carrying it, and placing it onto a plate.",Pick up the cream cheese from the study table,[HOLD],141,0
study_table/case47,142,study_table/case47,0,Pick up the cream cheese from the study table,0,"The task involves preparing a serving of cream cheese by picking it up from the study table, carrying it, and placing it onto a plate.",Pick up the cream cheese from the study table,[HOLD],142,0
study_table/case47,143,study_table/case47,0,Pick up the cream cheese from the study table,0,"The task involves preparing a serving of cream cheese by picking it up from the study table, carrying it, and placing it onto a plate.",Pick up the cream cheese from the study table,[HOLD],143,0
study_table/case47,144,study_table/case47,0,Pick up the cream cheese from the study table,0,"The task involves preparing a serving of cream cheese by picking it up from the study table, carrying it, and placing it onto a plate.",Pick up the cream cheese from the study table,[HOLD],144,0
study_table/case47,145,study_table/case47,0,Pick up the cream cheese from the study table,0,"The task involves preparing a serving of cream cheese by picking it up from the study table, carrying it, and placing it onto a plate.",Pick up the cream cheese from the study table,[HOLD],145,0
study_table/case47,146,study_table/case47,0,Pick up the cream cheese from the study table,0,"The task involves preparing a serving of cream cheese by picking it up from the study table, carrying it, and placing it onto a plate.",Pick up the cream cheese from the study table,[HOLD],146,0
study_table/case47,147,study_table/case47,0,Pick up the cream cheese from the study table,0,"The task involves preparing a serving of cream cheese by picking it up from the study table, carrying it, and placing it onto a plate.",Pick up the cream cheese from the study table,[HOLD],147,0
study_table/case47,148,study_table/case47,0,Pick up the cream cheese from the study table,0,"The task involves preparing a serving of cream cheese by picking it up from the study table, carrying it, and placing it onto a plate.",Pick up the cream cheese from the study table,[HOLD],148,0
study_table/case47,149,study_table/case47,0,Pick up the cream cheese from the study table,0,"The task involves preparing a serving of cream cheese by picking it up from the study table, carrying it, and placing it onto a plate.",Pick up the cream cheese from the study table,[HOLD],149,0
study_table/case47,150,study_table/case47,0,Pick up the cream cheese from the study table,0,"The task involves preparing a serving of cream cheese by picking it up from the study table, carrying it, and placing it onto a plate.",Pick up the cream cheese from the study table,[HOLD],150,0
study_table/case47,151,study_table/case47,0,Pick up the cream cheese from the study table,0,"The task involves preparing a serving of cream cheese by picking it up from the study table, carrying it, and placing it onto a plate.",Pick up the cream cheese from the study table,[HOLD],151,0
study_table/case47,152,study_table/case47,0,Pick up the cream cheese from the study table,0,"The task involves preparing a serving of cream cheese by picking it up from the study table, carrying it, and placing it onto a plate.",Pick up the cream cheese from the study table,[HOLD],152,0
study_table/case47,153,study_table/case47,0,Pick up the cream cheese from the study table,0,"The task involves preparing a serving of cream cheese by picking it up from the study table, carrying it, and placing it onto a plate.",Pick up the cream cheese from the study table,[HOLD],153,0
study_table/case47,154,study_table/case47,0,Pick up the cream cheese from the study table,0,"The task involves preparing a serving of cream cheese by picking it up from the study table, carrying it, and placing it onto a plate.",Pick up the cream cheese from the study table,[HOLD],154,0
study_table/case47,155,study_table/case47,0,Pick up the cream cheese from the study table,0,"The task involves preparing a serving of cream cheese by picking it up from the study table, carrying it, and placing it onto a plate.",Pick up the cream cheese from the study table,[HOLD],155,0
study_table/case47,156,study_table/case47,0,Pick up the cream cheese from the study table,0,"The task involves preparing a serving of cream cheese by picking it up from the study table, carrying it, and placing it onto a plate.",Pick up the cream cheese from the study table,[HOLD],156,0
study_table/case47,157,study_table/case47,0,Pick up the cream cheese from the study table,0,"The task involves preparing a serving of cream cheese by picking it up from the study table, carrying it, and placing it onto a plate.",Pick up the cream cheese from the study table,[HOLD],157,0
study_table/case47,158,study_table/case47,0,Pick up the cream cheese from the study table,0,"The task involves preparing a serving of cream cheese by picking it up from the study table, carrying it, and placing it onto a plate.",Pick up the cream cheese from the study table,[HOLD],158,0
study_table/case47,159,study_table/case47,0,Pick up the cream cheese from the study table,0,"The task involves preparing a serving of cream cheese by picking it up from the study table, carrying it, and placing it onto a plate.",Pick up the cream cheese from the study table,[HOLD],159,0
study_table/case47,160,study_table/case47,0,Pick up the cream cheese from the study table,0,"The task involves preparing a serving of cream cheese by picking it up from the study table, carrying it, and placing it onto a plate.",Pick up the cream cheese from the study table,[HOLD],160,0
study_table/case47,161,study_table/case47,0,Pick up the cream cheese from the study table,0,"The task involves preparing a serving of cream cheese by picking it up from the study table, carrying it, and placing it onto a plate.",Pick up the cream cheese from the study table,[HOLD],161,0
study_table/case47,162,study_table/case47,0,Pick up the cream cheese from the study table,0,"The task involves preparing a serving of cream cheese by picking it up from the study table, carrying it, and placing it onto a plate.",Pick up the cream cheese from the study table,[HOLD],162,0
study_table/case47,163,study_table/case47,0,Pick up the cream cheese from the study table,0,"The task involves preparing a serving of cream cheese by picking it up from the study table, carrying it, and placing it onto a plate.",Pick up the cream cheese from the study table,[HOLD],163,0
study_table/case47,164,study_table/case47,0,Pick up the cream cheese from the study table,0,"The task involves preparing a serving of cream cheese by picking it up from the study table, carrying it, and placing it onto a plate.",Pick up the cream cheese from the study table,[HOLD],164,0
study_table/case47,165,study_table/case47,0,Pick up the cream cheese from the study table,0,"The task involves preparing a serving of cream cheese by picking it up from the study table, carrying it, and placing it onto a plate.",Pick up the cream cheese from the study table,[HOLD],165,0
study_table/case47,166,study_table/case47,0,Pick up the cream cheese from the study table,0,"The task involves preparing a serving of cream cheese by picking it up from the study table, carrying it, and placing it onto a plate.",Pick up the cream cheese from the study table,[HOLD],166,0
study_table/case47,167,study_table/case47,0,Pick up the cream cheese from the study table,0,"The task involves preparing a serving of cream cheese by picking it up from the study table, carrying it, and placing it onto a plate.",Pick up the cream cheese from the study table,[HOLD],167,0
study_table/case47,168,study_table/case47,0,Pick up the cream cheese from the study table,0,"The task involves preparing a serving of cream cheese by picking it up from the study table, carrying it, and placing it onto a plate.",Pick up the cream cheese from the study table,[HOLD],168,0
study_table/case47,169,study_table/case47,0,Pick up the cream cheese from the study table,0,"The task involves preparing a serving of cream cheese by picking it up from the study table, carrying it, and placing it onto a plate.",Pick up the cream cheese from the study table,[HOLD],169,0
study_table/case47,170,study_table/case47,0,Pick up the cream cheese from the study table,0,"The task involves preparing a serving of cream cheese by picking it up from the study table, carrying it, and placing it onto a plate.",Pick up the cream cheese from the study table,[HOLD],170,0
study_table/case47,171,study_table/case47,0,Pick up the cream cheese from the study table,0,"The task involves preparing a serving of cream cheese by picking it up from the study table, carrying it, and placing it onto a plate.",Pick up the cream cheese from the study table,[HOLD],171,0
study_table/case47,172,study_table/case47,0,Pick up the cream cheese from the study table,0,"The task involves preparing a serving of cream cheese by picking it up from the study table, carrying it, and placing it onto a plate.",Pick up the cream cheese from the study table,[HOLD],172,0
study_table/case47,173,study_table/case47,0,Pick up the cream cheese from the study table,0,"The task involves preparing a serving of cream cheese by picking it up from the study table, carrying it, and placing it onto a plate.",Pick up the cream cheese from the study table,[HOLD],173,0
study_table/case47,174,study_table/case47,0,Pick up the cream cheese from the study table,0,"The task involves preparing a serving of cream cheese by picking it up from the study table, carrying it, and placing it onto a plate.",Pick up the cream cheese from the study table,[HOLD],174,0
study_table/case47,175,study_table/case47,0,Pick up the cream cheese from the study table,0,"The task involves preparing a serving of cream cheese by picking it up from the study table, carrying it, and placing it onto a plate.",Pick up the cream cheese from the study table,[HOLD],175,0
study_table/case47,176,study_table/case47,0,Pick up the cream cheese from the study table,0,"The task involves preparing a serving of cream cheese by picking it up from the study table, carrying it, and placing it onto a plate.",Pick up the cream cheese from the study table,[HOLD],176,0
study_table/case47,177,study_table/case47,0,Pick up the cream cheese from the study table,0,"The task involves preparing a serving of cream cheese by picking it up from the study table, carrying it, and placing it onto a plate.",Pick up the cream cheese from the study table,[HOLD],177,0
study_table/case47,178,study_table/case47,0,Pick up the cream cheese from the study table,0,"The task involves preparing a serving of cream cheese by picking it up from the study table, carrying it, and placing it onto a plate.",Pick up the cream cheese from the study table,[HOLD],178,0
study_table/case47,179,study_table/case47,1,Pour the cream cheese to the plate,1,"The task involves preparing a serving of cream cheese by picking it up from the study table, carrying it, and placing it onto a plate.",Pour the cream cheese to the plate,Pour the cream cheese to the plate,0,1
study_table/case47,180,study_table/case47,1,Pour the cream cheese to the plate,0,"The task involves preparing a serving of cream cheese by picking it up from the study table, carrying it, and placing it onto a plate.",Pour the cream cheese to the plate,[HOLD],1,1
study_table/case47,181,study_table/case47,1,Pour the cream cheese to the plate,0,"The task involves preparing a serving of cream cheese by picking it up from the study table, carrying it, and placing it onto a plate.",Pour the cream cheese to the plate,[HOLD],2,1
study_table/case47,182,study_table/case47,1,Pour the cream cheese to the plate,0,"The task involves preparing a serving of cream cheese by picking it up from the study table, carrying it, and placing it onto a plate.",Pour the cream cheese to the plate,[HOLD],3,1
study_table/case47,183,study_table/case47,1,Pour the cream cheese to the plate,0,"The task involves preparing a serving of cream cheese by picking it up from the study table, carrying it, and placing it onto a plate.",Pour the cream cheese to the plate,[HOLD],4,1
study_table/case47,184,study_table/case47,1,Pour the cream cheese to the plate,0,"The task involves preparing a serving of cream cheese by picking it up from the study table, carrying it, and placing it onto a plate.",Pour the cream cheese to the plate,[HOLD],5,1
study_table/case47,185,study_table/case47,1,Pour the cream cheese to the plate,0,"The task involves preparing a serving of cream cheese by picking it up from the study table, carrying it, and placing it onto a plate.",Pour the cream cheese to the plate,[HOLD],6,1
study_table/case47,186,study_table/case47,1,Pour the cream cheese to the plate,0,"The task involves preparing a serving of cream cheese by picking it up from the study table, carrying it, and placing it onto a plate.",Pour the cream cheese to the plate,[HOLD],7,1
study_table/case47,187,study_table/case47,1,Pour the cream cheese to the plate,0,"The task involves preparing a serving of cream cheese by picking it up from the study table, carrying it, and placing it onto a plate.",Pour the cream cheese to the plate,[HOLD],8,1
study_table/case47,188,study_table/case47,1,Pour the cream cheese to the plate,0,"The task involves preparing a serving of cream cheese by picking it up from the study table, carrying it, and placing it onto a plate.",Pour the cream cheese to the plate,[HOLD],9,1
study_table/case47,189,study_table/case47,1,Pour the cream cheese to the plate,0,"The task involves preparing a serving of cream cheese by picking it up from the study table, carrying it, and placing it onto a plate.",Pour the cream cheese to the plate,[HOLD],10,1
study_table/case47,190,study_table/case47,1,Pour the cream cheese to the plate,0,"The task involves preparing a serving of cream cheese by picking it up from the study table, carrying it, and placing it onto a plate.",Pour the cream cheese to the plate,[HOLD],11,1
study_table/case47,191,study_table/case47,1,Pour the cream cheese to the plate,0,"The task involves preparing a serving of cream cheese by picking it up from the study table, carrying it, and placing it onto a plate.",Pour the cream cheese to the plate,[HOLD],12,1
study_table/case47,192,study_table/case47,1,Pour the cream cheese to the plate,0,"The task involves preparing a serving of cream cheese by picking it up from the study table, carrying it, and placing it onto a plate.",Pour the cream cheese to the plate,[HOLD],13,1
study_table/case47,193,study_table/case47,1,Pour the cream cheese to the plate,0,"The task involves preparing a serving of cream cheese by picking it up from the study table, carrying it, and placing it onto a plate.",Pour the cream cheese to the plate,[HOLD],14,1
study_table/case47,194,study_table/case47,1,Pour the cream cheese to the plate,0,"The task involves preparing a serving of cream cheese by picking it up from the study table, carrying it, and placing it onto a plate.",Pour the cream cheese to the plate,[HOLD],15,1
study_table/case47,195,study_table/case47,1,Pour the cream cheese to the plate,0,"The task involves preparing a serving of cream cheese by picking it up from the study table, carrying it, and placing it onto a plate.",Pour the cream cheese to the plate,[HOLD],16,1
study_table/case47,196,study_table/case47,1,Pour the cream cheese to the plate,0,"The task involves preparing a serving of cream cheese by picking it up from the study table, carrying it, and placing it onto a plate.",Pour the cream cheese to the plate,[HOLD],17,1
study_table/case47,197,study_table/case47,1,Pour the cream cheese to the plate,0,"The task involves preparing a serving of cream cheese by picking it up from the study table, carrying it, and placing it onto a plate.",Pour the cream cheese to the plate,[HOLD],18,1
study_table/case47,198,study_table/case47,1,Pour the cream cheese to the plate,0,"The task involves preparing a serving of cream cheese by picking it up from the study table, carrying it, and placing it onto a plate.",Pour the cream cheese to the plate,[HOLD],19,1
study_table/case47,199,study_table/case47,1,Pour the cream cheese to the plate,0,"The task involves preparing a serving of cream cheese by picking it up from the study table, carrying it, and placing it onto a plate.",Pour the cream cheese to the plate,[HOLD],20,1
study_table/case47,200,study_table/case47,1,Pour the cream cheese to the plate,0,"The task involves preparing a serving of cream cheese by picking it up from the study table, carrying it, and placing it onto a plate.",Pour the cream cheese to the plate,[HOLD],21,1
study_table/case47,201,study_table/case47,1,Pour the cream cheese to the plate,0,"The task involves preparing a serving of cream cheese by picking it up from the study table, carrying it, and placing it onto a plate.",Pour the cream cheese to the plate,[HOLD],22,1
study_table/case47,202,study_table/case47,1,Pour the cream cheese to the plate,0,"The task involves preparing a serving of cream cheese by picking it up from the study table, carrying it, and placing it onto a plate.",Pour the cream cheese to the plate,[HOLD],23,1
study_table/case47,203,study_table/case47,1,Pour the cream cheese to the plate,0,"The task involves preparing a serving of cream cheese by picking it up from the study table, carrying it, and placing it onto a plate.",Pour the cream cheese to the plate,[HOLD],24,1
study_table/case47,204,study_table/case47,1,Pour the cream cheese to the plate,0,"The task involves preparing a serving of cream cheese by picking it up from the study table, carrying it, and placing it onto a plate.",Pour the cream cheese to the plate,[HOLD],25,1
study_table/case47,205,study_table/case47,1,Pour the cream cheese to the plate,0,"The task involves preparing a serving of cream cheese by picking it up from the study table, carrying it, and placing it onto a plate.",Pour the cream cheese to the plate,[HOLD],26,1
study_table/case47,206,study_table/case47,1,Pour the cream cheese to the plate,0,"The task involves preparing a serving of cream cheese by picking it up from the study table, carrying it, and placing it onto a plate.",Pour the cream cheese to the plate,[HOLD],27,1
study_table/case47,207,study_table/case47,1,Pour the cream cheese to the plate,0,"The task involves preparing a serving of cream cheese by picking it up from the study table, carrying it, and placing it onto a plate.",Pour the cream cheese to the plate,[HOLD],28,1
study_table/case47,208,study_table/case47,1,Pour the cream cheese to the plate,0,"The task involves preparing a serving of cream cheese by picking it up from the study table, carrying it, and placing it onto a plate.",Pour the cream cheese to the plate,[HOLD],29,1
study_table/case47,209,study_table/case47,1,Pour the cream cheese to the plate,0,"The task involves preparing a serving of cream cheese by picking it up from the study table, carrying it, and placing it onto a plate.",Pour the cream cheese to the plate,[HOLD],30,1
study_table/case47,210,study_table/case47,1,Pour the cream cheese to the plate,0,"The task involves preparing a serving of cream cheese by picking it up from the study table, carrying it, and placing it onto a plate.",Pour the cream cheese to the plate,[HOLD],31,1
study_table/case47,211,study_table/case47,1,Pour the cream cheese to the plate,0,"The task involves preparing a serving of cream cheese by picking it up from the study table, carrying it, and placing it onto a plate.",Pour the cream cheese to the plate,[HOLD],32,1
study_table/case47,212,study_table/case47,1,Pour the cream cheese to the plate,0,"The task involves preparing a serving of cream cheese by picking it up from the study table, carrying it, and placing it onto a plate.",Pour the cream cheese to the plate,[HOLD],33,1
study_table/case47,213,study_table/case47,1,Pour the cream cheese to the plate,0,"The task involves preparing a serving of cream cheese by picking it up from the study table, carrying it, and placing it onto a plate.",Pour the cream cheese to the plate,[HOLD],34,1
study_table/case47,214,study_table/case47,1,Pour the cream cheese to the plate,0,"The task involves preparing a serving of cream cheese by picking it up from the study table, carrying it, and placing it onto a plate.",Pour the cream cheese to the plate,[HOLD],35,1
study_table/case47,215,study_table/case47,1,Pour the cream cheese to the plate,0,"The task involves preparing a serving of cream cheese by picking it up from the study table, carrying it, and placing it onto a plate.",Pour the cream cheese to the plate,[HOLD],36,1
study_table/case47,216,study_table/case47,1,Pour the cream cheese to the plate,0,"The task involves preparing a serving of cream cheese by picking it up from the study table, carrying it, and placing it onto a plate.",Pour the cream cheese to the plate,[HOLD],37,1
study_table/case47,217,study_table/case47,1,Pour the cream cheese to the plate,0,"The task involves preparing a serving of cream cheese by picking it up from the study table, carrying it, and placing it onto a plate.",Pour the cream cheese to the plate,[HOLD],38,1
study_table/case47,218,study_table/case47,1,Pour the cream cheese to the plate,0,"The task involves preparing a serving of cream cheese by picking it up from the study table, carrying it, and placing it onto a plate.",Pour the cream cheese to the plate,[HOLD],39,1
study_table/case47,219,study_table/case47,1,Pour the cream cheese to the plate,0,"The task involves preparing a serving of cream cheese by picking it up from the study table, carrying it, and placing it onto a plate.",Pour the cream cheese to the plate,[HOLD],40,1
study_table/case47,220,study_table/case47,1,Pour the cream cheese to the plate,0,"The task involves preparing a serving of cream cheese by picking it up from the study table, carrying it, and placing it onto a plate.",Pour the cream cheese to the plate,[HOLD],41,1
study_table/case47,221,study_table/case47,1,Pour the cream cheese to the plate,0,"The task involves preparing a serving of cream cheese by picking it up from the study table, carrying it, and placing it onto a plate.",Pour the cream cheese to the plate,[HOLD],42,1
study_table/case47,222,study_table/case47,1,Pour the cream cheese to the plate,0,"The task involves preparing a serving of cream cheese by picking it up from the study table, carrying it, and placing it onto a plate.",Pour the cream cheese to the plate,[HOLD],43,1
study_table/case47,223,study_table/case47,1,Pour the cream cheese to the plate,0,"The task involves preparing a serving of cream cheese by picking it up from the study table, carrying it, and placing it onto a plate.",Pour the cream cheese to the plate,[HOLD],44,1
study_table/case47,224,study_table/case47,1,Pour the cream cheese to the plate,0,"The task involves preparing a serving of cream cheese by picking it up from the study table, carrying it, and placing it onto a plate.",Pour the cream cheese to the plate,[HOLD],45,1
study_table/case47,225,study_table/case47,1,Pour the cream cheese to the plate,0,"The task involves preparing a serving of cream cheese by picking it up from the study table, carrying it, and placing it onto a plate.",Pour the cream cheese to the plate,[HOLD],46,1
study_table/case47,226,study_table/case47,1,Pour the cream cheese to the plate,0,"The task involves preparing a serving of cream cheese by picking it up from the study table, carrying it, and placing it onto a plate.",Pour the cream cheese to the plate,[HOLD],47,1
study_table/case47,227,study_table/case47,1,Pour the cream cheese to the plate,0,"The task involves preparing a serving of cream cheese by picking it up from the study table, carrying it, and placing it onto a plate.",Pour the cream cheese to the plate,[HOLD],48,1
study_table/case47,228,study_table/case47,1,Pour the cream cheese to the plate,0,"The task involves preparing a serving of cream cheese by picking it up from the study table, carrying it, and placing it onto a plate.",Pour the cream cheese to the plate,[HOLD],49,1
study_table/case47,229,study_table/case47,1,Pour the cream cheese to the plate,0,"The task involves preparing a serving of cream cheese by picking it up from the study table, carrying it, and placing it onto a plate.",Pour the cream cheese to the plate,[HOLD],50,1
study_table/case47,230,study_table/case47,1,Pour the cream cheese to the plate,0,"The task involves preparing a serving of cream cheese by picking it up from the study table, carrying it, and placing it onto a plate.",Pour the cream cheese to the plate,[HOLD],51,1
study_table/case47,231,study_table/case47,1,Pour the cream cheese to the plate,0,"The task involves preparing a serving of cream cheese by picking it up from the study table, carrying it, and placing it onto a plate.",Pour the cream cheese to the plate,[HOLD],52,1
study_table/case47,232,study_table/case47,1,Pour the cream cheese to the plate,0,"The task involves preparing a serving of cream cheese by picking it up from the study table, carrying it, and placing it onto a plate.",Pour the cream cheese to the plate,[HOLD],53,1
study_table/case47,233,study_table/case47,1,Pour the cream cheese to the plate,0,"The task involves preparing a serving of cream cheese by picking it up from the study table, carrying it, and placing it onto a plate.",Pour the cream cheese to the plate,[HOLD],54,1
study_table/case47,234,study_table/case47,1,Pour the cream cheese to the plate,0,"The task involves preparing a serving of cream cheese by picking it up from the study table, carrying it, and placing it onto a plate.",Pour the cream cheese to the plate,[HOLD],55,1
study_table/case47,235,study_table/case47,1,Pour the cream cheese to the plate,0,"The task involves preparing a serving of cream cheese by picking it up from the study table, carrying it, and placing it onto a plate.",Pour the cream cheese to the plate,[HOLD],56,1
study_table/case47,236,study_table/case47,1,Pour the cream cheese to the plate,0,"The task involves preparing a serving of cream cheese by picking it up from the study table, carrying it, and placing it onto a plate.",Pour the cream cheese to the plate,[HOLD],57,1
study_table/case47,237,study_table/case47,1,Pour the cream cheese to the plate,0,"The task involves preparing a serving of cream cheese by picking it up from the study table, carrying it, and placing it onto a plate.",Pour the cream cheese to the plate,[HOLD],58,1
study_table/case47,238,study_table/case47,1,Pour the cream cheese to the plate,0,"The task involves preparing a serving of cream cheese by picking it up from the study table, carrying it, and placing it onto a plate.",Pour the cream cheese to the plate,[HOLD],59,1
study_table/case47,239,study_table/case47,1,Pour the cream cheese to the plate,0,"The task involves preparing a serving of cream cheese by picking it up from the study table, carrying it, and placing it onto a plate.",Pour the cream cheese to the plate,[HOLD],60,1
study_table/case47,240,study_table/case47,1,Pour the cream cheese to the plate,0,"The task involves preparing a serving of cream cheese by picking it up from the study table, carrying it, and placing it onto a plate.",Pour the cream cheese to the plate,[HOLD],61,1
study_table/case47,241,study_table/case47,1,Pour the cream cheese to the plate,0,"The task involves preparing a serving of cream cheese by picking it up from the study table, carrying it, and placing it onto a plate.",Pour the cream cheese to the plate,[HOLD],62,1
study_table/case47,242,study_table/case47,1,Pour the cream cheese to the plate,0,"The task involves preparing a serving of cream cheese by picking it up from the study table, carrying it, and placing it onto a plate.",Pour the cream cheese to the plate,[HOLD],63,1
study_table/case47,243,study_table/case47,1,Pour the cream cheese to the plate,0,"The task involves preparing a serving of cream cheese by picking it up from the study table, carrying it, and placing it onto a plate.",Pour the cream cheese to the plate,[HOLD],64,1
study_table/case47,244,study_table/case47,1,Pour the cream cheese to the plate,0,"The task involves preparing a serving of cream cheese by picking it up from the study table, carrying it, and placing it onto a plate.",Pour the cream cheese to the plate,[HOLD],65,1
study_table/case47,245,study_table/case47,1,Pour the cream cheese to the plate,0,"The task involves preparing a serving of cream cheese by picking it up from the study table, carrying it, and placing it onto a plate.",Pour the cream cheese to the plate,[HOLD],66,1
study_table/case47,246,study_table/case47,1,Pour the cream cheese to the plate,0,"The task involves preparing a serving of cream cheese by picking it up from the study table, carrying it, and placing it onto a plate.",Pour the cream cheese to the plate,[HOLD],67,1
study_table/case47,247,study_table/case47,1,Pour the cream cheese to the plate,0,"The task involves preparing a serving of cream cheese by picking it up from the study table, carrying it, and placing it onto a plate.",Pour the cream cheese to the plate,[HOLD],68,1
study_table/case47,248,study_table/case47,1,Pour the cream cheese to the plate,0,"The task involves preparing a serving of cream cheese by picking it up from the study table, carrying it, and placing it onto a plate.",Pour the cream cheese to the plate,[HOLD],69,1
study_table/case47,249,study_table/case47,1,Pour the cream cheese to the plate,0,"The task involves preparing a serving of cream cheese by picking it up from the study table, carrying it, and placing it onto a plate.",Pour the cream cheese to the plate,[HOLD],70,1
study_table/case47,250,study_table/case47,1,Pour the cream cheese to the plate,0,"The task involves preparing a serving of cream cheese by picking it up from the study table, carrying it, and placing it onto a plate.",Pour the cream cheese to the plate,[HOLD],71,1
study_table/case47,251,study_table/case47,1,Pour the cream cheese to the plate,0,"The task involves preparing a serving of cream cheese by picking it up from the study table, carrying it, and placing it onto a plate.",Pour the cream cheese to the plate,[HOLD],72,1
study_table/case47,252,study_table/case47,1,Pour the cream cheese to the plate,0,"The task involves preparing a serving of cream cheese by picking it up from the study table, carrying it, and placing it onto a plate.",Pour the cream cheese to the plate,[HOLD],73,1
study_table/case47,253,study_table/case47,1,Pour the cream cheese to the plate,0,"The task involves preparing a serving of cream cheese by picking it up from the study table, carrying it, and placing it onto a plate.",Pour the cream cheese to the plate,[HOLD],74,1
study_table/case47,254,study_table/case47,1,Pour the cream cheese to the plate,0,"The task involves preparing a serving of cream cheese by picking it up from the study table, carrying it, and placing it onto a plate.",Pour the cream cheese to the plate,[HOLD],75,1
study_table/case47,255,study_table/case47,1,Pour the cream cheese to the plate,0,"The task involves preparing a serving of cream cheese by picking it up from the study table, carrying it, and placing it onto a plate.",Pour the cream cheese to the plate,[HOLD],76,1
study_table/case47,256,study_table/case47,1,Pour the cream cheese to the plate,0,"The task involves preparing a serving of cream cheese by picking it up from the study table, carrying it, and placing it onto a plate.",Pour the cream cheese to the plate,[HOLD],77,1
study_table/case47,257,study_table/case47,1,Pour the cream cheese to the plate,0,"The task involves preparing a serving of cream cheese by picking it up from the study table, carrying it, and placing it onto a plate.",Pour the cream cheese to the plate,[HOLD],78,1
